# ************************************************************
# Sequel Ace SQL dump
# Version 20046
#
# https://sequel-ace.com/
# https://github.com/Sequel-Ace/Sequel-Ace
#
# Host: 127.0.0.1 (MySQL 5.5.5-10.11.2-MariaDB-1:10.11.2+maria~ubu2204)
# Database: doctor_surgery
# Generation Time: 2023-06-20 13:50:41 +0000
# ************************************************************


/*!40101 SET @OLD_CHARACTER_SET_CLIENT=@@CHARACTER_SET_CLIENT */;
/*!40101 SET @OLD_CHARACTER_SET_RESULTS=@@CHARACTER_SET_RESULTS */;
/*!40101 SET @OLD_COLLATION_CONNECTION=@@COLLATION_CONNECTION */;
SET NAMES utf8mb4;
/*!40014 SET @OLD_FOREIGN_KEY_CHECKS=@@FOREIGN_KEY_CHECKS, FOREIGN_KEY_CHECKS=0 */;
/*!40101 SET @OLD_SQL_MODE='NO_AUTO_VALUE_ON_ZERO', SQL_MODE='NO_AUTO_VALUE_ON_ZERO' */;
/*!40111 SET @OLD_SQL_NOTES=@@SQL_NOTES, SQL_NOTES=0 */;


# Dump of table appointments
# ------------------------------------------------------------

DROP TABLE IF EXISTS `appointments`;

CREATE TABLE `appointments` (
  `id` int(11) DEFAULT NULL,
  `patientId` int(11) DEFAULT NULL,
  `doctorId` int(11) DEFAULT NULL,
  `time` int(11) DEFAULT NULL,
  `date` date DEFAULT NULL,
  `reason` varchar(50) DEFAULT NULL
) ENGINE=InnoDB DEFAULT CHARSET=utf8mb4 COLLATE=utf8mb4_general_ci;

LOCK TABLES `appointments` WRITE;
/*!40000 ALTER TABLE `appointments` DISABLE KEYS */;

INSERT INTO `appointments` (`id`, `patientId`, `doctorId`, `time`, `date`, `reason`)
VALUES
	(3,22,3,9,'2023-06-28','synergize best-of-breed web services'),
	(8,5,2,9,'2023-06-26','facilitate global initiatives'),
	(9,46,4,10,'2023-07-05','transition 24/365 platforms'),
	(10,32,5,15,'2023-07-06','innovate plug-and-play deliverables'),
	(14,11,5,15,'2023-06-26','deploy B2C bandwidth'),
	(23,19,2,11,'2023-07-10','syndicate integrated relationships'),
	(29,30,1,16,'2023-07-11','maximize dot-com relationships'),
	(34,1,4,13,'2023-06-23','transition strategic convergence'),
	(40,38,5,15,'2023-06-30','unleash B2B metrics'),
	(41,15,1,10,'2023-07-07','monetize efficient schemas'),
	(46,30,4,15,'2023-06-26','implement world-class partnerships'),
	(47,32,4,13,'2023-06-29','brand holistic synergies'),
	(51,45,5,12,'2023-06-30','repurpose innovative deliverables'),
	(52,23,3,16,'2023-06-23','orchestrate open-source web-readiness'),
	(56,29,4,10,'2023-06-28','redefine scalable web-readiness'),
	(57,13,2,16,'2023-06-26','redefine ubiquitous solutions'),
	(60,22,4,12,'2023-07-05','engage value-added infomediaries'),
	(70,47,2,12,'2023-07-06','seize e-business e-services'),
	(72,6,2,14,'2023-07-04','aggregate next-generation bandwidth'),
	(76,38,3,15,'2023-07-06','enable end-to-end portals'),
	(86,24,3,9,'2023-07-11','grow mission-critical e-commerce'),
	(87,4,4,15,'2023-06-29','harness revolutionary architectures'),
	(89,5,4,14,'2023-07-03','harness web-enabled architectures'),
	(100,35,5,9,'2023-06-27','morph customized initiatives'),
	(102,30,5,16,'2023-06-27','enable real-time synergies'),
	(104,49,2,9,'2023-07-06','implement leading-edge channels'),
	(108,40,5,15,'2023-07-07','leverage killer paradigms'),
	(113,32,2,15,'2023-06-23','engage enterprise e-tailers'),
	(123,42,3,15,'2023-06-29','optimize proactive infomediaries'),
	(127,15,5,16,'2023-07-04','visualize user-centric methodologies'),
	(130,32,3,14,'2023-07-05','whiteboard turn-key platforms'),
	(131,19,2,11,'2023-07-12','productize clicks-and-mortar ROI'),
	(132,30,3,14,'2023-07-04','morph out-of-the-box platforms'),
	(141,11,3,12,'2023-07-06','unleash mission-critical platforms'),
	(143,15,2,12,'2023-07-07','innovate wireless infomediaries'),
	(144,32,1,9,'2023-07-04','deploy synergistic e-commerce'),
	(153,11,5,10,'2023-07-12','recontextualize distributed channels'),
	(154,31,5,10,'2023-07-05','harness cross-media technologies'),
	(155,13,5,9,'2023-07-03','iterate wireless paradigms'),
	(157,11,1,13,'2023-06-30','visualize innovative models'),
	(158,29,4,11,'2023-07-13','cultivate robust schemas'),
	(163,50,1,10,'2023-07-10','unleash wireless vortals'),
	(165,45,2,16,'2023-07-13','implement integrated networks'),
	(166,9,3,11,'2023-07-12','cultivate bleeding-edge e-tailers'),
	(169,29,1,15,'2023-07-03','seize end-to-end e-markets'),
	(170,9,2,13,'2023-07-03','optimize best-of-breed experiences'),
	(171,32,1,12,'2023-07-03','deliver enterprise ROI'),
	(174,39,2,15,'2023-07-06','syndicate sexy niches'),
	(175,16,1,9,'2023-07-12','engage bricks-and-clicks eyeballs'),
	(177,50,4,10,'2023-06-26','mesh cross-media infomediaries'),
	(182,18,5,9,'2023-07-06','strategize virtual schemas'),
	(189,9,3,10,'2023-07-03','matrix leading-edge e-commerce'),
	(190,2,2,9,'2023-06-23','strategize intuitive portals'),
	(191,2,4,12,'2023-07-03','extend e-business solutions'),
	(198,18,1,14,'2023-06-23','deliver killer e-markets'),
	(203,19,4,11,'2023-06-26','incentivize cross-platform infrastructures'),
	(204,38,5,13,'2023-07-05','extend turn-key communities'),
	(208,30,1,10,'2023-07-05','repurpose visionary platforms'),
	(209,25,5,14,'2023-07-13','synergize user-centric infomediaries'),
	(215,8,1,15,'2023-07-13','streamline turn-key web services'),
	(217,36,4,13,'2023-07-06','streamline B2B eyeballs'),
	(225,15,3,12,'2023-06-27','repurpose global experiences'),
	(226,14,5,11,'2023-07-06','engage extensible action-items'),
	(228,49,4,14,'2023-07-10','visualize integrated web services'),
	(232,18,2,10,'2023-07-10','synthesize cutting-edge e-services'),
	(233,36,3,16,'2023-06-30','seize out-of-the-box vortals'),
	(238,31,4,16,'2023-06-30','productize transparent communities'),
	(240,13,1,9,'2023-06-23','redefine bricks-and-clicks vortals'),
	(242,9,1,14,'2023-07-04','matrix 24/365 web services'),
	(249,29,2,11,'2023-06-26','envisioneer open-source experiences'),
	(250,38,2,14,'2023-07-07','recontextualize revolutionary infomediaries'),
	(251,47,3,11,'2023-06-29','integrate magnetic supply-chains'),
	(255,25,1,12,'2023-07-06','streamline bricks-and-clicks paradigms'),
	(259,14,4,9,'2023-07-07','synergize sexy niches'),
	(263,3,4,9,'2023-06-26','revolutionize clicks-and-mortar partnerships'),
	(264,33,1,15,'2023-06-26','integrate real-time solutions'),
	(267,28,3,12,'2023-06-29','strategize B2C deliverables'),
	(270,30,2,14,'2023-07-12','enable integrated ROI'),
	(274,33,5,15,'2023-06-27','maximize one-to-one deliverables'),
	(278,47,3,16,'2023-07-07','enable next-generation niches'),
	(284,10,1,16,'2023-06-30','synthesize vertical action-items'),
	(289,49,3,14,'2023-07-06','visualize 24/7 e-markets'),
	(291,7,2,16,'2023-07-04','seize front-end technologies'),
	(295,5,5,15,'2023-07-12','reinvent impactful synergies'),
	(296,40,5,11,'2023-06-30','disintermediate B2B models'),
	(299,35,1,9,'2023-07-13','embrace interactive interfaces'),
	(301,4,3,14,'2023-07-03','utilize impactful paradigms'),
	(306,14,2,15,'2023-07-12','transform proactive e-markets'),
	(307,29,1,13,'2023-07-06','repurpose innovative action-items'),
	(308,23,1,16,'2023-07-03','benchmark distributed synergies'),
	(311,20,5,16,'2023-07-03','deploy sexy relationships'),
	(313,9,5,14,'2023-06-29','transition one-to-one deliverables'),
	(314,4,4,12,'2023-07-11','benchmark vertical models'),
	(315,1,5,11,'2023-07-12','benchmark distributed web services'),
	(328,7,5,14,'2023-07-10','incubate mission-critical systems'),
	(332,1,3,15,'2023-06-30','innovate cutting-edge bandwidth'),
	(333,7,5,13,'2023-07-11','transition end-to-end methodologies'),
	(334,43,5,16,'2023-06-23','maximize compelling e-business'),
	(336,19,4,16,'2023-07-05','innovate seamless communities'),
	(337,14,1,12,'2023-07-04','seize cross-platform web services'),
	(338,7,1,9,'2023-06-28','recontextualize front-end portals'),
	(340,20,2,15,'2023-07-11','innovate seamless infomediaries'),
	(348,13,3,11,'2023-06-23','cultivate mission-critical architectures'),
	(361,39,1,11,'2023-06-26','disintermediate bleeding-edge niches'),
	(363,2,4,9,'2023-06-27','deploy viral infomediaries'),
	(365,46,2,10,'2023-06-26','extend revolutionary applications'),
	(368,30,2,14,'2023-07-03','maximize transparent mindshare'),
	(371,23,4,11,'2023-06-28','transform next-generation relationships'),
	(376,14,3,14,'2023-06-26','grow B2B eyeballs'),
	(378,9,2,16,'2023-06-23','optimize ubiquitous ROI'),
	(381,40,1,13,'2023-06-29','visualize dot-com applications'),
	(391,21,1,14,'2023-07-10','engage vertical e-commerce'),
	(398,29,1,16,'2023-06-27','drive best-of-breed models'),
	(400,10,3,14,'2023-07-10','grow best-of-breed mindshare'),
	(403,35,4,9,'2023-07-03','matrix turn-key supply-chains'),
	(404,19,2,13,'2023-07-07','productize B2C vortals'),
	(405,29,4,11,'2023-06-30','optimize dot-com bandwidth'),
	(406,8,4,9,'2023-06-28','morph world-class users'),
	(409,50,2,13,'2023-07-13','syndicate front-end bandwidth'),
	(410,46,4,9,'2023-06-23','implement sticky platforms'),
	(413,16,3,11,'2023-06-26','orchestrate user-centric e-markets'),
	(414,6,2,15,'2023-07-13','benchmark customized web services'),
	(415,1,4,12,'2023-06-29','exploit one-to-one web-readiness'),
	(419,13,2,11,'2023-07-05','target value-added technologies'),
	(420,12,3,10,'2023-06-23','reintermediate wireless supply-chains'),
	(421,17,4,16,'2023-07-12','reintermediate collaborative e-markets'),
	(424,37,2,13,'2023-07-05','reintermediate clicks-and-mortar e-services'),
	(425,45,5,11,'2023-06-29','synthesize back-end e-business'),
	(430,38,2,14,'2023-06-23','incentivize back-end methodologies'),
	(431,7,1,11,'2023-06-23','maximize killer e-commerce'),
	(433,40,1,16,'2023-06-26','visualize ubiquitous web-readiness'),
	(436,13,2,10,'2023-07-06','aggregate killer eyeballs'),
	(437,26,5,15,'2023-07-03','implement cutting-edge paradigms'),
	(439,13,1,9,'2023-06-30','maximize impactful ROI'),
	(441,49,2,14,'2023-07-11','harness transparent experiences'),
	(445,16,2,16,'2023-06-29','grow proactive bandwidth'),
	(448,44,4,14,'2023-06-30','matrix bleeding-edge convergence'),
	(449,20,2,14,'2023-06-26','unleash dot-com methodologies'),
	(450,33,3,10,'2023-07-06','benchmark front-end bandwidth'),
	(462,12,1,15,'2023-07-04','brand back-end users'),
	(465,33,5,10,'2023-06-26','expedite viral communities'),
	(467,25,5,14,'2023-06-23','orchestrate impactful action-items'),
	(468,23,1,16,'2023-07-05','visualize integrated markets'),
	(474,15,4,15,'2023-07-03','iterate distributed methodologies'),
	(476,22,5,15,'2023-07-04','enhance clicks-and-mortar platforms'),
	(477,29,1,15,'2023-07-06','seize proactive eyeballs'),
	(479,36,4,9,'2023-07-13','redefine revolutionary paradigms'),
	(480,33,4,10,'2023-07-04','cultivate rich e-markets'),
	(481,11,3,14,'2023-06-28','reinvent sexy initiatives'),
	(482,49,2,15,'2023-06-26','revolutionize best-of-breed portals'),
	(486,28,5,11,'2023-06-23','strategize B2B e-tailers'),
	(488,40,2,14,'2023-06-29','benchmark virtual markets'),
	(489,25,1,16,'2023-07-12','optimize sticky platforms'),
	(491,40,3,11,'2023-07-06','mesh distributed channels'),
	(495,11,1,10,'2023-07-13','productize distributed vortals'),
	(496,13,4,12,'2023-07-07','unleash wireless metrics'),
	(497,22,5,12,'2023-07-04','optimize rich ROI'),
	(500,1,2,12,'2023-07-12','matrix one-to-one infomediaries'),
	(502,28,3,15,'2023-06-28','scale efficient applications'),
	(504,33,1,15,'2023-06-30','benchmark bleeding-edge action-items'),
	(508,23,4,14,'2023-06-29','matrix back-end e-business'),
	(512,9,2,9,'2023-07-10','facilitate rich e-markets'),
	(513,20,5,16,'2023-07-10','engineer sexy technologies'),
	(515,19,3,13,'2023-06-30','empower transparent eyeballs'),
	(518,38,1,14,'2023-07-11','exploit bleeding-edge partnerships'),
	(519,23,5,9,'2023-06-29','drive B2B ROI'),
	(522,34,1,13,'2023-07-04','whiteboard virtual e-commerce'),
	(523,28,3,13,'2023-06-28','transform seamless e-tailers'),
	(524,29,5,10,'2023-07-04','optimize next-generation infrastructures'),
	(526,9,3,16,'2023-07-10','extend front-end channels'),
	(530,3,5,13,'2023-07-07','streamline extensible relationships'),
	(533,44,5,12,'2023-06-23','integrate out-of-the-box e-commerce'),
	(539,25,4,14,'2023-07-07','harness 24/7 supply-chains'),
	(540,39,1,15,'2023-06-29','reinvent back-end initiatives'),
	(542,3,2,12,'2023-06-28','repurpose e-business communities'),
	(543,15,1,15,'2023-07-11','exploit visionary web-readiness'),
	(545,44,4,15,'2023-07-06','benchmark extensible functionalities'),
	(546,8,3,12,'2023-07-04','reintermediate intuitive web services'),
	(548,15,3,11,'2023-07-13','revolutionize e-business web services'),
	(549,20,4,16,'2023-06-27','benchmark synergistic ROI'),
	(551,25,1,15,'2023-07-07','maximize vertical models'),
	(555,3,2,11,'2023-06-30','target dynamic content'),
	(557,43,2,11,'2023-07-07','orchestrate e-business solutions'),
	(558,20,4,12,'2023-06-23','streamline mission-critical portals'),
	(559,29,2,12,'2023-06-27','revolutionize seamless portals'),
	(562,32,5,12,'2023-06-27','benchmark bleeding-edge niches'),
	(563,32,1,11,'2023-07-13','integrate virtual systems'),
	(567,26,1,15,'2023-06-27','matrix revolutionary networks'),
	(568,33,5,10,'2023-06-29','recontextualize integrated channels'),
	(573,48,4,15,'2023-07-07','cultivate strategic content'),
	(574,36,3,9,'2023-06-30','enhance B2B channels'),
	(575,20,4,12,'2023-06-30','synthesize scalable users'),
	(576,23,3,13,'2023-06-29','syndicate global mindshare'),
	(577,20,5,12,'2023-07-12','benchmark front-end partnerships'),
	(580,39,2,10,'2023-07-11','transition killer niches'),
	(582,49,2,16,'2023-06-27','optimize leading-edge portals'),
	(585,24,2,13,'2023-07-12','enhance impactful supply-chains'),
	(589,15,2,15,'2023-07-10','repurpose user-centric portals'),
	(591,7,5,16,'2023-07-11','cultivate intuitive niches'),
	(593,29,2,16,'2023-07-03','enable out-of-the-box web services'),
	(594,24,5,10,'2023-06-27','evolve cross-platform vortals'),
	(595,20,5,10,'2023-06-30','reinvent wireless supply-chains'),
	(598,13,3,12,'2023-07-13','transition cross-platform experiences'),
	(603,24,1,13,'2023-07-07','streamline frictionless web services'),
	(605,2,4,14,'2023-07-04','morph user-centric eyeballs'),
	(606,27,3,15,'2023-07-07','leverage innovative synergies'),
	(608,11,2,12,'2023-07-05','maximize sticky experiences'),
	(611,11,3,16,'2023-06-26','scale dynamic metrics'),
	(612,19,1,16,'2023-07-07','monetize out-of-the-box ROI'),
	(614,19,4,16,'2023-07-04','enable turn-key models'),
	(618,18,1,14,'2023-07-12','synergize web-enabled platforms'),
	(620,6,2,11,'2023-07-06','maximize killer schemas'),
	(623,2,2,16,'2023-06-30','syndicate visionary action-items'),
	(628,39,2,12,'2023-06-23','expedite ubiquitous experiences'),
	(629,4,1,11,'2023-06-29','iterate interactive communities'),
	(631,4,4,13,'2023-07-07','deploy open-source ROI'),
	(633,47,5,9,'2023-07-11','grow leading-edge convergence'),
	(634,9,4,16,'2023-06-23','seize e-business schemas'),
	(637,42,3,14,'2023-06-30','scale transparent interfaces'),
	(642,38,5,15,'2023-07-13','revolutionize efficient infomediaries'),
	(645,47,2,12,'2023-07-11','exploit efficient e-markets'),
	(646,19,5,13,'2023-06-30','incentivize seamless e-tailers'),
	(647,10,2,9,'2023-07-04','seize frictionless schemas'),
	(650,1,5,12,'2023-06-29','engage dot-com functionalities'),
	(651,28,1,9,'2023-07-05','integrate killer portals'),
	(653,30,1,16,'2023-06-29','aggregate virtual content'),
	(654,29,4,14,'2023-06-23','syndicate robust niches'),
	(659,18,2,12,'2023-06-30','disintermediate 24/365 portals'),
	(661,39,3,10,'2023-06-27','recontextualize visionary models'),
	(662,24,1,12,'2023-07-07','integrate magnetic relationships'),
	(666,21,1,9,'2023-06-29','reinvent impactful web services'),
	(670,34,5,15,'2023-07-11','benchmark wireless partnerships'),
	(673,20,3,12,'2023-06-23','brand user-centric applications'),
	(675,9,1,14,'2023-06-29','maximize front-end e-markets'),
	(677,4,1,9,'2023-06-27','brand cutting-edge action-items'),
	(680,48,2,11,'2023-06-27','strategize magnetic bandwidth'),
	(682,7,1,11,'2023-07-11','cultivate innovative relationships'),
	(683,2,3,13,'2023-07-11','drive intuitive platforms'),
	(684,32,5,10,'2023-07-07','mesh transparent action-items'),
	(685,50,1,12,'2023-07-11','deliver global mindshare'),
	(690,10,3,13,'2023-07-12','leverage visionary methodologies'),
	(691,18,1,11,'2023-07-03','synergize cutting-edge mindshare'),
	(692,5,1,11,'2023-07-12','iterate compelling architectures'),
	(693,19,5,14,'2023-07-06','engage e-business schemas'),
	(695,7,1,12,'2023-07-05','generate out-of-the-box channels'),
	(697,18,4,15,'2023-06-27','benchmark visionary schemas'),
	(699,46,3,12,'2023-06-28','maximize one-to-one web-readiness'),
	(701,40,2,13,'2023-06-27','enable viral channels'),
	(704,50,5,13,'2023-07-12','seize cross-media solutions'),
	(705,31,3,9,'2023-07-04','strategize integrated convergence'),
	(706,14,1,10,'2023-07-03','syndicate holistic action-items'),
	(708,34,4,12,'2023-07-13','innovate interactive eyeballs'),
	(711,10,5,16,'2023-07-05','incubate visionary initiatives'),
	(714,38,4,14,'2023-07-11','engage revolutionary technologies'),
	(715,10,2,12,'2023-07-10','incentivize synergistic portals'),
	(716,17,3,16,'2023-07-13','empower B2B supply-chains'),
	(717,26,5,16,'2023-07-13','unleash bleeding-edge e-business'),
	(720,28,1,11,'2023-07-06','repurpose strategic supply-chains'),
	(721,14,5,9,'2023-06-30','seize best-of-breed web-readiness'),
	(722,24,2,10,'2023-06-23','seize best-of-breed interfaces'),
	(724,25,2,13,'2023-06-28','synergize cross-platform web services'),
	(726,20,3,16,'2023-06-29','e-enable strategic e-commerce'),
	(728,5,3,13,'2023-06-23','reintermediate bricks-and-clicks e-services'),
	(732,21,4,14,'2023-07-12','enable collaborative relationships'),
	(734,22,5,10,'2023-06-23','enhance compelling e-tailers'),
	(735,22,5,13,'2023-06-26','mesh next-generation deliverables'),
	(737,30,4,11,'2023-07-10','grow collaborative eyeballs'),
	(738,3,1,9,'2023-07-07','scale intuitive systems'),
	(739,45,3,9,'2023-07-12','transition extensible platforms'),
	(740,5,5,12,'2023-07-13','reinvent bricks-and-clicks systems'),
	(742,26,1,9,'2023-07-10','iterate robust infrastructures'),
	(744,39,4,10,'2023-07-12','strategize 24/7 e-services'),
	(747,31,2,10,'2023-07-05','transition interactive ROI'),
	(748,15,1,10,'2023-06-30','mesh 24/7 functionalities'),
	(749,4,1,13,'2023-07-03','deliver sexy interfaces'),
	(750,21,4,10,'2023-06-23','incubate robust bandwidth'),
	(752,31,1,13,'2023-07-12','envisioneer killer convergence'),
	(753,13,5,13,'2023-06-27','enhance clicks-and-mortar infomediaries'),
	(754,43,3,10,'2023-07-05','strategize front-end markets'),
	(757,37,4,12,'2023-07-06','repurpose sticky platforms'),
	(759,32,1,11,'2023-06-27','leverage dynamic models'),
	(761,34,2,15,'2023-07-05','aggregate enterprise mindshare'),
	(762,20,5,14,'2023-06-30','syndicate one-to-one e-business'),
	(764,47,1,9,'2023-07-03','matrix robust niches'),
	(765,21,4,10,'2023-07-10','expedite next-generation relationships'),
	(768,28,4,11,'2023-06-29','grow interactive applications'),
	(770,48,5,9,'2023-07-10','brand out-of-the-box e-tailers'),
	(772,22,5,9,'2023-07-05','incubate sexy networks'),
	(773,41,5,9,'2023-07-07','reintermediate interactive markets'),
	(774,39,5,13,'2023-07-13','implement transparent systems'),
	(777,1,3,10,'2023-06-28','transform synergistic niches'),
	(781,26,3,9,'2023-07-13','brand end-to-end metrics'),
	(782,13,4,10,'2023-06-27','evolve mission-critical models'),
	(783,35,5,12,'2023-07-05','maximize bleeding-edge synergies'),
	(784,36,5,11,'2023-07-07','target interactive channels'),
	(785,43,5,16,'2023-06-29','iterate distributed e-business'),
	(786,26,2,14,'2023-07-05','embrace real-time systems'),
	(787,17,5,11,'2023-07-10','generate value-added mindshare'),
	(788,20,1,15,'2023-06-28','matrix mission-critical web-readiness'),
	(792,50,1,15,'2023-06-23','revolutionize extensible portals'),
	(793,4,2,15,'2023-07-03','iterate B2B networks'),
	(795,37,5,9,'2023-06-28','benchmark proactive methodologies'),
	(797,45,4,15,'2023-07-12','productize granular networks'),
	(799,34,5,11,'2023-06-28','optimize visionary experiences'),
	(803,8,3,16,'2023-07-03','monetize cutting-edge applications'),
	(806,46,5,13,'2023-06-23','architect integrated communities'),
	(807,40,3,10,'2023-06-29','syndicate customized solutions'),
	(809,30,3,10,'2023-07-11','streamline proactive channels'),
	(811,8,1,14,'2023-07-13','facilitate leading-edge initiatives'),
	(813,23,2,13,'2023-06-26','unleash collaborative bandwidth'),
	(814,40,4,15,'2023-06-30','strategize wireless e-business'),
	(816,29,4,14,'2023-07-13','deploy intuitive markets'),
	(817,34,4,12,'2023-06-26','maximize holistic metrics'),
	(822,34,3,15,'2023-06-23','envisioneer bleeding-edge e-commerce'),
	(824,23,4,13,'2023-07-13','transform intuitive niches'),
	(825,20,2,9,'2023-06-29','revolutionize killer infrastructures'),
	(826,39,5,14,'2023-07-12','visualize rich infomediaries'),
	(827,14,2,16,'2023-07-06','incentivize interactive models'),
	(828,50,1,12,'2023-07-12','strategize global networks'),
	(829,3,1,14,'2023-07-05','revolutionize world-class architectures'),
	(830,39,1,14,'2023-06-28','enable user-centric deliverables'),
	(834,17,5,12,'2023-06-28','monetize dot-com systems'),
	(836,24,2,15,'2023-06-28','drive best-of-breed e-business'),
	(837,34,4,13,'2023-07-05','implement 24/7 content'),
	(838,29,1,11,'2023-07-04','deploy web-enabled metrics'),
	(841,43,1,10,'2023-07-04','cultivate cutting-edge e-commerce'),
	(842,36,1,12,'2023-06-26','reinvent distributed vortals'),
	(843,44,5,14,'2023-07-07','incubate sexy paradigms'),
	(846,3,3,11,'2023-07-03','benchmark customized infrastructures'),
	(848,25,2,13,'2023-07-11','mesh compelling relationships'),
	(849,44,5,9,'2023-06-23','reintermediate ubiquitous systems'),
	(850,48,2,15,'2023-06-30','grow collaborative architectures'),
	(851,34,4,15,'2023-06-28','evolve killer relationships'),
	(854,18,5,12,'2023-06-26','deploy innovative supply-chains'),
	(855,2,3,10,'2023-06-26','strategize one-to-one deliverables'),
	(856,15,3,14,'2023-06-29','transform B2C users'),
	(861,6,3,13,'2023-07-03','drive ubiquitous applications'),
	(862,29,4,16,'2023-07-10','maximize end-to-end solutions'),
	(863,44,3,15,'2023-07-13','morph extensible vortals'),
	(864,39,5,11,'2023-07-03','reinvent 24/365 platforms'),
	(865,13,5,16,'2023-07-12','morph one-to-one content'),
	(867,47,5,14,'2023-07-04','architect clicks-and-mortar models'),
	(868,3,2,10,'2023-07-03','extend world-class users'),
	(870,2,4,13,'2023-07-03','expedite cross-media methodologies'),
	(871,2,4,13,'2023-07-04','morph transparent systems'),
	(873,34,5,13,'2023-06-29','streamline one-to-one e-business'),
	(874,16,3,12,'2023-07-03','utilize e-business users'),
	(876,48,1,10,'2023-06-23','reinvent leading-edge functionalities'),
	(877,22,5,16,'2023-06-28','evolve out-of-the-box users'),
	(878,41,1,11,'2023-06-28','iterate B2B architectures'),
	(881,27,4,9,'2023-07-06','extend 24/7 interfaces'),
	(884,2,4,10,'2023-07-11','grow out-of-the-box e-commerce'),
	(886,14,1,10,'2023-07-11','incubate one-to-one interfaces'),
	(889,9,5,14,'2023-07-05','repurpose B2B web-readiness'),
	(893,22,4,13,'2023-06-27','iterate holistic e-business'),
	(894,6,1,15,'2023-07-05','exploit intuitive e-business'),
	(895,39,3,11,'2023-06-30','innovate turn-key e-commerce'),
	(896,7,3,15,'2023-07-05','engage holistic relationships'),
	(899,30,2,15,'2023-07-04','orchestrate plug-and-play experiences'),
	(900,30,5,9,'2023-07-12','benchmark holistic eyeballs'),
	(901,12,2,11,'2023-07-11','monetize customized e-commerce'),
	(904,24,3,11,'2023-06-27','transform killer communities'),
	(907,6,1,16,'2023-07-04','mesh clicks-and-mortar relationships'),
	(908,23,5,13,'2023-07-04','synergize compelling partnerships'),
	(909,5,3,15,'2023-07-03','envisioneer visionary metrics'),
	(910,29,1,13,'2023-06-23','implement bleeding-edge models'),
	(911,42,1,13,'2023-06-26','reinvent user-centric experiences'),
	(912,25,3,13,'2023-06-27','target viral partnerships'),
	(913,43,2,9,'2023-07-05','empower frictionless markets'),
	(914,36,2,9,'2023-07-12','generate vertical markets'),
	(915,14,5,11,'2023-07-13','extend magnetic infrastructures'),
	(916,10,1,11,'2023-07-05','transform synergistic methodologies'),
	(919,1,4,11,'2023-07-06','deploy distributed architectures'),
	(921,26,4,11,'2023-07-07','streamline B2C interfaces'),
	(923,21,3,10,'2023-07-07','utilize interactive methodologies'),
	(924,7,2,14,'2023-06-28','visualize dynamic interfaces'),
	(925,29,4,16,'2023-06-28','enhance enterprise architectures'),
	(927,31,5,15,'2023-07-10','architect plug-and-play e-markets'),
	(928,29,2,10,'2023-06-29','incubate sexy convergence'),
	(932,25,4,14,'2023-07-05','scale ubiquitous relationships'),
	(933,8,2,10,'2023-06-27','reinvent efficient metrics'),
	(934,46,2,11,'2023-07-13','monetize extensible initiatives'),
	(937,40,3,15,'2023-06-27','transform holistic eyeballs'),
	(938,34,2,10,'2023-07-12','mesh 24/7 technologies'),
	(940,29,3,11,'2023-07-10','maximize real-time markets'),
	(941,9,2,9,'2023-07-03','synergize user-centric e-tailers'),
	(944,29,3,13,'2023-07-10','synergize dynamic methodologies'),
	(947,1,4,15,'2023-07-13','unleash magnetic metrics'),
	(950,5,3,12,'2023-07-05','redefine back-end synergies'),
	(951,11,3,10,'2023-07-12','benchmark value-added channels'),
	(952,19,1,10,'2023-07-12','integrate front-end niches'),
	(953,47,2,11,'2023-07-04','benchmark turn-key methodologies'),
	(957,40,5,12,'2023-07-07','mesh best-of-breed applications'),
	(958,28,5,13,'2023-07-10','monetize vertical initiatives'),
	(960,17,2,9,'2023-06-28','empower end-to-end functionalities'),
	(961,29,4,14,'2023-06-26','optimize robust systems'),
	(963,37,3,15,'2023-07-12','reintermediate synergistic web-readiness'),
	(966,10,3,16,'2023-06-27','enable e-business networks'),
	(967,9,3,13,'2023-07-07','utilize enterprise infrastructures'),
	(968,36,2,12,'2023-07-04','implement interactive applications'),
	(969,36,5,13,'2023-07-06','grow extensible content'),
	(970,42,4,16,'2023-07-03','innovate killer experiences'),
	(971,20,2,10,'2023-07-13','transform open-source convergence'),
	(973,17,1,13,'2023-06-28','reintermediate vertical solutions'),
	(974,34,2,10,'2023-07-07','reinvent cross-platform vortals'),
	(975,7,4,11,'2023-06-27','transition user-centric vortals'),
	(977,28,5,13,'2023-07-03','redefine best-of-breed bandwidth'),
	(978,22,4,13,'2023-07-12','grow proactive channels'),
	(980,1,3,12,'2023-07-10','productize integrated supply-chains'),
	(981,3,4,10,'2023-07-13','envisioneer synergistic supply-chains'),
	(982,40,5,10,'2023-07-13','integrate extensible channels'),
	(983,21,1,14,'2023-07-03','strategize sexy paradigms'),
	(984,16,4,16,'2023-07-07','brand bricks-and-clicks partnerships'),
	(987,3,3,9,'2023-06-23','visualize vertical deliverables'),
	(988,23,4,9,'2023-07-05','cultivate sticky technologies'),
	(989,19,5,11,'2023-07-11','strategize magnetic applications'),
	(990,40,5,15,'2023-06-23','evolve leading-edge solutions'),
	(992,49,1,12,'2023-06-30','extend plug-and-play functionalities'),
	(993,41,4,10,'2023-07-06','transform vertical deliverables'),
	(994,44,3,15,'2023-07-04','seize strategic synergies'),
	(995,9,3,16,'2023-07-05','optimize wireless architectures'),
	(997,39,5,10,'2023-07-03','utilize impactful infrastructures'),
	(998,9,3,9,'2023-06-27','cultivate vertical bandwidth'),
	(999,45,2,14,'2023-06-30','integrate cross-platform deliverables');

/*!40000 ALTER TABLE `appointments` ENABLE KEYS */;
UNLOCK TABLES;


# Dump of table doctors
# ------------------------------------------------------------

DROP TABLE IF EXISTS `doctors`;

CREATE TABLE `doctors` (
  `id` int(11) unsigned NOT NULL AUTO_INCREMENT,
  `title` varchar(255) DEFAULT NULL,
  `first_name` varchar(255) DEFAULT NULL,
  `last_name` varchar(255) DEFAULT NULL,
  `email` varchar(255) NOT NULL,
  `password` varchar(255) NOT NULL,
  PRIMARY KEY (`id`)
) ENGINE=InnoDB DEFAULT CHARSET=utf8mb4 COLLATE=utf8mb4_general_ci;

LOCK TABLES `doctors` WRITE;
/*!40000 ALTER TABLE `doctors` DISABLE KEYS */;

INSERT INTO `doctors` (`id`, `title`, `first_name`, `last_name`, `email`, `password`)
VALUES
	(1,'Dr','Log','Login','drlogin@icantbelieveit.com','$2b$10$R5GWJF76NfzFbfhVpanBjey386avMeKdBxWaO/.0wWphi4hqLo.sO'),
	(2,'Dr','Ingrid','Input','drinput@icantbelieveit.com','$2b$10$1KIdtYvF6h0vovLWTeWmpezro0vwe47yJJjxQicQhxHbicAs.sEpi'),
	(3,'Dr','Tom','Jones','drjones@icantbelieveit.com','$2b$10$MMgyUY56it.LnOvx10Hwse02EOe4H.q/YKH9ROHDdbDqDFPAXaq8W'),
	(4,'Dr','Dom','Domain','drdomain@icantbelieveit.com','$2b$10$9ZInFt7VXeuTFUxvPXcB7uOjfxwW3UzGJq0TfCVty/Clkma8ERu5K'),
	(5,'Dr','React','Component','drcomponent@icantbelieveit.com','$2b$10$jDsrDG5WItSk5LXVq5Oc/.bJ4U34fwDf43QbLavO0hy4/U9WFMVFW');

/*!40000 ALTER TABLE `doctors` ENABLE KEYS */;
UNLOCK TABLES;


# Dump of table patients
# ------------------------------------------------------------

DROP TABLE IF EXISTS `patients`;

CREATE TABLE `patients` (
  `id` int(11) unsigned NOT NULL AUTO_INCREMENT,
  `first_name` varchar(50) DEFAULT NULL,
  `last_name` varchar(50) DEFAULT NULL,
  `email` varchar(50) DEFAULT NULL,
  PRIMARY KEY (`id`)
) ENGINE=InnoDB DEFAULT CHARSET=utf8mb4 COLLATE=utf8mb4_general_ci;

LOCK TABLES `patients` WRITE;
/*!40000 ALTER TABLE `patients` DISABLE KEYS */;

INSERT INTO `patients` (`id`, `first_name`, `last_name`, `email`)
VALUES
	(1,'Don','Karpman','dkarpman0@nbcnews.com'),
	(2,'Marlane','Bradlaugh','mbradlaugh1@dion.ne.jp'),
	(3,'Audrye','Nelmes','anelmes2@foxnews.com'),
	(4,'Porty','Clemmitt','pclemmitt3@vk.com'),
	(5,'Gaven','Lensch','glensch4@usatoday.com'),
	(6,'Terrence','Butner','tbutner5@disqus.com'),
	(7,'Faythe','Slany','fslany6@imgur.com'),
	(8,'Maison','Hartup','mhartup7@free.fr'),
	(9,'Regan','Rubra','rrubra8@youku.com'),
	(10,'Harwell','Edess','hedess9@abc.net.au'),
	(11,'Jarrod','Haslen','jhaslena@google.co.jp'),
	(12,'Josee','Cory','jcoryb@xrea.com'),
	(13,'Rhys','Lafay','rlafayc@phpbb.com'),
	(14,'Emlyn','Gaythwaite','egaythwaited@shutterfly.com'),
	(15,'Michele','Clemits','mclemitse@icq.com'),
	(16,'Ag','Marchington','amarchingtonf@hostgator.com'),
	(17,'Saundra','Ferry','sferryg@youku.com'),
	(18,'Magdaia','Sidden','msiddenh@examiner.com'),
	(19,'Karel','Esby','kesbyi@pinterest.com'),
	(20,'Aurora','Outram','aoutramj@home.pl'),
	(21,'Vanya','Chastanet','vchastanetk@vinaora.com'),
	(22,'Vale','Meadmore','vmeadmorel@sakura.ne.jp'),
	(23,'Georgeanna','Harg','ghargm@comcast.net'),
	(24,'Lynsey','Oxtarby','loxtarbyn@loc.gov'),
	(25,'Rog','Mallebone','rmalleboneo@dell.com'),
	(26,'Byram','Quimby','bquimbyp@4shared.com'),
	(27,'Padriac','Karolewski','pkarolewskiq@hostgator.com'),
	(28,'Brett','Kirdsch','bkirdschr@cyberchimps.com'),
	(29,'Winny','Saffle','wsaffles@pagesperso-orange.fr'),
	(30,'Beltran','Medd','bmeddt@seattletimes.com'),
	(31,'Pierce','Grinter','pgrinteru@eepurl.com'),
	(32,'Hailey','Agge','haggev@themeforest.net'),
	(33,'Ethelred','Gibling','egiblingw@va.gov'),
	(34,'Napoleon','Carbery','ncarberyx@shutterfly.com'),
	(35,'Eldridge','Givens','egivensy@google.pl'),
	(36,'Bella','Bertelmot','bbertelmotz@nature.com'),
	(37,'Clarabelle','Pingston','cpingston10@deviantart.com'),
	(38,'Marris','Lamborn','mlamborn11@cafepress.com'),
	(39,'Byran','Pirozzi','bpirozzi12@wufoo.com'),
	(40,'Trevor','Cobson','tcobson13@so-net.ne.jp'),
	(41,'Ardelle','Emburey','aemburey14@ibm.com'),
	(42,'Ingaborg','Sleford','isleford15@gnu.org'),
	(43,'Rosamond','Glassopp','rglassopp16@gizmodo.com'),
	(44,'Tito','Gardiner','tgardiner17@technorati.com'),
	(45,'Rozanne','Batter','rbatter18@microsoft.com'),
	(46,'Sabra','Basill','sbasill19@sogou.com'),
	(47,'My','Hedaux','mhedaux1a@imgur.com'),
	(48,'Renelle','Teale','rteale1b@slashdot.org'),
	(49,'Carmen','Trembey','ctrembey1c@ameblo.jp'),
	(50,'Davie','Roullier','droullier1d@hexun.com');

/*!40000 ALTER TABLE `patients` ENABLE KEYS */;
UNLOCK TABLES;



/*!40111 SET SQL_NOTES=@OLD_SQL_NOTES */;
/*!40101 SET SQL_MODE=@OLD_SQL_MODE */;
/*!40014 SET FOREIGN_KEY_CHECKS=@OLD_FOREIGN_KEY_CHECKS */;
/*!40101 SET CHARACTER_SET_CLIENT=@OLD_CHARACTER_SET_CLIENT */;
/*!40101 SET CHARACTER_SET_RESULTS=@OLD_CHARACTER_SET_RESULTS */;
/*!40101 SET COLLATION_CONNECTION=@OLD_COLLATION_CONNECTION */;
